{"epoch": 201, "loss": 0.495129257440567, "valid NDCG@10": 0.5709623949080511, "valid HR@10": 0.81341059602649, "test NDCG@10": 0.550436213296994, "test HR@10": 0.791887417218543, "_timestamp": 1683610781.032619, "_runtime": 8048.404855966568, "_step": 200}