{"epoch": 1, "loss": 1.3933429718017578, "valid NDCG@10": 0.04889553284143625, "valid HR@10": 0.10645695364238411, "test NDCG@10": 0.045932233123228305, "test HR@10": 0.10347682119205298, "_timestamp": 1683602414.6647916, "_runtime": 493.9945385456085, "_step": 0, "_wandb": {"runtime": 58}}